{
    "position": [
        -0.066436,
        0.001256,
        0.400617
    ],
    "quaternion": [
        -6.17957088924273e-05,
        0.7819797684194284,
        0.014971797782748535,
        0.6231239710002658
    ]
}